id;organization_name;contact_no;address;email_address;pincode;website;freefield_1;freefield_2;is_activated;last_modified_by;last_modified;created_on
1;Intelligent open-source Kentucky;orchid Bosnia CSS;bandwidth Bacon;circuit;help-desk Kenya;Rupee;Open-source violet withdrawal;paradigms;true;ADP Avon;bypassing;revolutionize cross-platform generate
2;Franc;Sierra People's;1080p;Parkway;Bacon;capacitor architect;incubate;cross-platform;true;Yemeni;Street;Washington
3;blue Rustic;systems;Creative bypass 1080p;Mouse Guatemala;Fish North;Multi-channelled Lanka Incredible;recontextualize;Applications Wooden Factors;true;Chicken;Generic;hack Planner experiences
4;Brand Bedfordshire Assistant;enterprise ivory;olive Supervisor;Customizable generate;high-level impactful;Prairie;solid holistic;South;true;benchmark Planner;Distributed deposit RAM;sticky
5;auxiliary contextually-based Technician;online Steel;Buckinghamshire up encompassing;embrace Unbranded Granite;XSS Regional Quality-focused;Phased;Zloty cross-media invoice;Credit Alaska SCSI;false;bus;withdrawal transmitting;Cambridgeshire Account ROI
6;Rue Mayen Wooden;blue Organized;Refined;invoice methodical SAS;disintermediate;Representative Money platforms;holistic;Fundamental;false;XSS;Future driver global;XSS Granite
7;Virginia;payment;Dynamic virtual Rupee;leading monitor;Berkshire Practical;Small Ergonomic;Krone Granite Stravenue;bleeding-edge;true;generating;compressing harness Orchestrator;projection seize
8;hacking Islands;Avon;Frozen Republic drive;Handmade Rustic;Central human-resource;Turnpike;Self-enabling Dollar Keyboard;Pizza synthesize;true;Concrete;program;Focused navigate
9;Borders Mountain red;tolerance Cotton;Sausages;applications;Club Spain functionalities;Coordinator Kentucky Sports;Soap;Reduced Nakfa;true;Republic Account withdrawal;Soft grid-enabled;Borders Account pixel
10;connect mesh;Krona Zloty;Health Account;Tuna Facilitator;Money Savings;Operations Account Cambridgeshire;gold Oklahoma Cambodia;calculate;true;envisioneer;Nebraska feed Delaware;sensor Communications
